SET NAMES utf8mb4;
SET FOREIGN_KEY_CHECKS = 0;

INSERT INTO `uasp_user` VALUES ('10000', NULL, 'root', '超级管理员', 'ROOT', NULL, '{noop}root', NULL, 'root@kayura.cloud', '13556090295', NULL, NULL, NULL, b'1', b'0', '10000', '2022-06-28 09:34:45', '10000', '2022-07-11 19:40:01', '1');

INSERT INTO `uasp_applic` VALUES ('UASP', 'UASP', '应用支撑平台', 1, 'PC', NULL, 1, NULL, '10000', '2022-10-30 10:53:50', NULL, NULL, 'V', NULL);

INSERT INTO `uasp_module_define`  VALUES ('EFBDEF5DC4CD4BAC914DE48909DE57E1', 'A62BF8133EFA4C4A937B2A2CA324CDB6', 'UASP', 'M', 'UASP_AUTO_NO', '自动单号(ok)', NULL, '/uasp/auto-no', NULL, 800, 'A', 'V', NULL);
INSERT INTO `uasp_module_define`  VALUES ('E9A07B4377E54FE283C6EF23FD9D038B', '7FC035AE17FB461F922D7181421DABAD', 'UASP', 'M', 'UASP_TASKS', '任务中心', 'fas fa-tasks', '/uasp/tasks', NULL, 100, 'C', 'V', NULL);
INSERT INTO `uasp_module_define`  VALUES ('A4DB5665C9064640834A0D477D38FEE0', 'A62BF8133EFA4C4A937B2A2CA324CDB6', 'UASP', 'M', 'UASP_FUNC_AUTH', '租用授权(ok)', NULL, '/uasp/func-auth', NULL, 125, 'A', 'V', NULL);
INSERT INTO `uasp_module_define`  VALUES ('FF51D628EF624C37A5589E28848CAF4F', 'E37F97B4DE8748DBBA0806B2F1CA086F', 'UASP', 'M', 'UASP_APPLIC', '应用管理(ok)', NULL, '/uasp/applic', NULL, 100, 'A', 'V', NULL);
INSERT INTO `uasp_module_define`  VALUES ('A62BF8133EFA4C4A937B2A2CA324CDB6', '8EA7960D7E9049CE8642A4E4A5F5EFBF', 'UASP', 'C', NULL, '系统管理', 'fas fa-user-cog', NULL, NULL, 150, 'C', 'V', NULL);
INSERT INTO `uasp_module_define`  VALUES ('A64DD16CF8F94CD48BC311F6F2EEA80B', 'A62BF8133EFA4C4A937B2A2CA324CDB6', 'UASP', 'M', 'UASP_EMPLOYEE', '员工管理(ok)', NULL, '/uasp/employee', NULL, 400, 'A', 'V', NULL);
INSERT INTO `uasp_module_define`  VALUES ('A86CE4092D2E4BA08F9666A5F9F449E6', '5E00E4FD394D4692BFFD7606A31A9B54', 'UASP', 'M', 'UASP_IONICONS', 'Ionicons(无)', NULL, NULL, NULL, 200, 'C', 'V', NULL);
INSERT INTO `uasp_module_define`  VALUES ('DB112395A720423092EA73CC15747E2B', 'A62BF8133EFA4C4A937B2A2CA324CDB6', 'UASP', 'M', 'UASP_FUNC_ROLE', '功能角色(ok)', NULL, '/uasp/func-role', NULL, 300, 'A', 'V', NULL);
INSERT INTO `uasp_module_define`  VALUES ('B2BE7345A258447A850DE3062EB04A8C', 'EDC562ABAB2C4AAC9703BD647990A167', 'UASP', 'M', 'UASP_TASK_DELEGATE', '任务委托(无)', NULL, '/uasp/task-delegate', NULL, 600, 'A', 'I', NULL);
INSERT INTO `uasp_module_define`  VALUES ('B91A2B1D232D4EEC89956DF45FD270E9', '12CD554C0DDF4FD59F2839A407FCC5D2', 'UASP', 'M', 'UASP_APP_STORE', 'APP发布(ing)', NULL, '/uasp/app-store', NULL, 100, 'A', 'V', NULL);
INSERT INTO `uasp_module_define`  VALUES ('E4F65303A41540ED93E17AFF569912F4', 'D2C77E7A28604FBD9341ECB02874FD57', 'UASP', 'M', 'UASP_ADMIN_USER', '后端管理员(ok)', NULL, '/uasp/admin-user', NULL, 200, 'A', 'V', NULL);
INSERT INTO `uasp_module_define`  VALUES ('C723840C78424CDEBECA2E6596B47517', 'A62BF8133EFA4C4A937B2A2CA324CDB6', 'UASP', 'M', 'UASP_DICT', '数据字典(ok)', NULL, '/uasp/dict', NULL, 700, 'A', 'V', NULL);
INSERT INTO `uasp_module_define`  VALUES ('C76DAA2C31954E4EAA2404821C2A692C', '8EA7960D7E9049CE8642A4E4A5F5EFBF', 'UASP', 'D', NULL, '基本管理', NULL, NULL, NULL, 100, 'C', 'V', NULL);
INSERT INTO `uasp_module_define`  VALUES ('E42EBD75199548D787BF80013914B95C', 'EDC562ABAB2C4AAC9703BD647990A167', 'UASP', 'M', 'UASP_BIZ_FORM', '业务表单(ok)', NULL, '/uasp/biz-form', NULL, 200, 'A', 'V', NULL);
INSERT INTO `uasp_module_define`  VALUES ('D046615418CC481695BF3EE392832524', 'EDC562ABAB2C4AAC9703BD647990A167', 'UASP', 'M', 'UASP_WF_MONITOR', '流程监控(无)', NULL, '/uasp/wf-monitor', NULL, 400, 'A', 'V', NULL);
INSERT INTO `uasp_module_define`  VALUES ('D2C77E7A28604FBD9341ECB02874FD57', '8EA7960D7E9049CE8642A4E4A5F5EFBF', 'UASP', 'C', NULL, '后端配置', 'fas fa-cogs', NULL, NULL, 200, 'C', 'V', NULL);
INSERT INTO `uasp_module_define`  VALUES ('E3E13BBA01514FB7AF4C47145BB445F5', 'D2C77E7A28604FBD9341ECB02874FD57', 'UASP', 'M', 'UASP_CLIENT_USER', '授权客户端(ok)', NULL, '/uasp/client-user', NULL, 300, 'A', 'V', NULL);
INSERT INTO `uasp_module_define`  VALUES ('EDC562ABAB2C4AAC9703BD647990A167', '8EA7960D7E9049CE8642A4E4A5F5EFBF', 'UASP', 'C', NULL, '流程配置', 'fas fa-random', NULL, NULL, 300, 'C', 'V', NULL);
INSERT INTO `uasp_module_define`  VALUES ('D7FE4DFFEF0E48CCA6622327D92981ED', '304DCFA1C16C4D14B498785D1124F271', 'UASP', 'M', 'UASP_SERVER_INFO', '服务器信息(无)', NULL, '/uasp/server-info', NULL, 300, 'A', 'V', NULL);
INSERT INTO `uasp_module_define`  VALUES ('E37F97B4DE8748DBBA0806B2F1CA086F', '8EA7960D7E9049CE8642A4E4A5F5EFBF', 'UASP', 'C', NULL, '开发管理', 'fas fa-snowplow', NULL, NULL, 600, 'C', 'V', NULL);
INSERT INTO `uasp_module_define`  VALUES ('6E99B0850D0E474DA47DE163698768BC', '12CD554C0DDF4FD59F2839A407FCC5D2', 'UASP', 'M', 'UASP_LOGIN_LOG', '登录日志(无)', NULL, '/uasp/login-log', NULL, 400, 'A', 'V', NULL);
INSERT INTO `uasp_module_define`  VALUES ('0C15CE498B374B4591120F0399C7051B', '12CD554C0DDF4FD59F2839A407FCC5D2', 'UASP', 'M', 'UASP_NOTICE', '通知公告(无)', NULL, '/uasp/notice', NULL, 200, 'A', 'V', NULL);
INSERT INTO `uasp_module_define`  VALUES ('0C3997423DBB4DFBB37F408401F55BA1', '12CD554C0DDF4FD59F2839A407FCC5D2', 'UASP', 'M', 'UASP_IP_STORE', 'IP地址库(无)', NULL, '/uasp/ip-store', NULL, 700, 'A', 'V', NULL);
INSERT INTO `uasp_module_define`  VALUES ('11D7C78318AF4AF880ACA852224A53F6', '8EA7960D7E9049CE8642A4E4A5F5EFBF', 'UASP', 'D', NULL, '开发者', NULL, NULL, NULL, 550, 'C', 'V', NULL);
INSERT INTO `uasp_module_define`  VALUES ('127973E367B947BB942349F6357A0CBB', 'A62BF8133EFA4C4A937B2A2CA324CDB6', 'UASP', 'M', 'UASP_ORGANIZE', '组织架构(ok)', NULL, '/uasp/organize', NULL, 350, 'A', 'V', NULL);
INSERT INTO `uasp_module_define`  VALUES ('12CD554C0DDF4FD59F2839A407FCC5D2', '8EA7960D7E9049CE8642A4E4A5F5EFBF', 'UASP', 'C', NULL, '运维管理', 'fas fa-briefcase', NULL, NULL, 400, 'C', 'V', NULL);
INSERT INTO `uasp_module_define`  VALUES ('1A9806E7E5D44C659D550B2EF76F00D2', NULL, 'UASP', 'C', '', '首页', '', '', NULL, 0, 'C', 'V', '');
INSERT INTO `uasp_module_define`  VALUES ('1BDF0B3364924DFA96E9CAAFF684F28E', 'A62BF8133EFA4C4A937B2A2CA324CDB6', 'UASP', 'M', 'UASP_COMPANY', '往来公司(ok)', NULL, '/uasp/company/contract', NULL, 150, 'C', 'V', NULL);
INSERT INTO `uasp_module_define`  VALUES ('304DCFA1C16C4D14B498785D1124F271', '8EA7960D7E9049CE8642A4E4A5F5EFBF', 'UASP', 'C', NULL, '系统监控', 'fas fa-binoculars', NULL, NULL, 500, 'C', 'V', NULL);
INSERT INTO `uasp_module_define`  VALUES ('38DFF768848543BCB5AF01EA651334CE', '304DCFA1C16C4D14B498785D1124F271', 'UASP', 'M', 'UASP_TIME_TASK', '定时任务(无)', NULL, '/uasp/time-task', NULL, 200, 'A', 'V', NULL);
INSERT INTO `uasp_module_define`  VALUES ('3CF42263ABE242B282E4B62D85355A13', 'EDC562ABAB2C4AAC9703BD647990A167', 'UASP', 'M', 'UASP_BIZ_FLOW', '业务流程(ok)', NULL, '/uasp/biz-flow', NULL, 300, 'A', 'V', NULL);
INSERT INTO `uasp_module_define`  VALUES ('410C5A17D0914E55A210DF731355560D', 'D2C77E7A28604FBD9341ECB02874FD57', 'UASP', 'M', 'UASP_ADMIN_ROLE', '后端角色(ok)', NULL, '/uasp/admin-role', NULL, 100, 'A', 'V', NULL);
INSERT INTO `uasp_module_define`  VALUES ('5D5A0465826F4AB08ABD38933C091276', '5E00E4FD394D4692BFFD7606A31A9B54', 'UASP', 'M', 'UASP_MDI', 'Material Design Icons(无)', NULL, NULL, NULL, 300, 'C', 'V', NULL);
INSERT INTO `uasp_module_define`  VALUES ('5E00E4FD394D4692BFFD7606A31A9B54', '8EA7960D7E9049CE8642A4E4A5F5EFBF', 'UASP', 'C', NULL, '界面样式', 'fas fa-quidditch', NULL, NULL, 800, 'C', 'V', NULL);
INSERT INTO `uasp_module_define`  VALUES ('62DB951E7E5A46429A3336BE33C320A4', '12CD554C0DDF4FD59F2839A407FCC5D2', 'UASP', 'M', 'UASP_SMS_LOG', '短信日志(无)', NULL, '/uasp/sms-log', NULL, 600, 'A', 'V', NULL);
INSERT INTO `uasp_module_define`  VALUES ('A05A5D60BDEB4EE4AB0275B090D0ACE1', '8EA7960D7E9049CE8642A4E4A5F5EFBF', 'UASP', 'D', NULL, '示例', NULL, NULL, NULL, 700, 'C', 'V', NULL);
INSERT INTO `uasp_module_define`  VALUES ('7A14F63BF3B64F38AC623186B6C2869C', 'D2C77E7A28604FBD9341ECB02874FD57', 'UASP', 'M', 'UASP_SNEAK', '免密登录', NULL, '/uasp/sneak', NULL, 400, 'A', 'V', NULL);
INSERT INTO `uasp_module_define`  VALUES ('7A7A125A5A934692AAF1F1956EB02694', 'A62BF8133EFA4C4A937B2A2CA324CDB6', 'UASP', 'M', 'UASP_TENANT', '租用公司(ok)', '', '/uasp/tenant', NULL, 100, 'A', 'V', NULL);
INSERT INTO `uasp_module_define`  VALUES ('7ADA168871EB4C4F84A332F8077704E3', 'EDC562ABAB2C4AAC9703BD647990A167', 'UASP', 'M', 'UASP_WF_ROLE', '流程角色(ok)', NULL, '/uasp/wf-role', NULL, 100, 'C', 'V', NULL);
INSERT INTO `uasp_module_define`  VALUES ('7FC035AE17FB461F922D7181421DABAD', '1A9806E7E5D44C659D550B2EF76F00D2', 'UASP', 'C', NULL, '我的工作', 'fas fa-desktop', NULL, NULL, 100, 'C', 'V', '');
INSERT INTO `uasp_module_define`  VALUES ('80D44F8C3EEE46DD8E637910F3EE1A6E', '12CD554C0DDF4FD59F2839A407FCC5D2', 'UASP', 'M', 'UASP_REQUEST_LOG', '请求日志(无)', NULL, '/uasp/request-log', NULL, 500, 'A', 'V', NULL);
INSERT INTO `uasp_module_define`  VALUES ('8BBCC1F9081240979F340D1FE4AA81FF', 'A62BF8133EFA4C4A937B2A2CA324CDB6', 'UASP', 'M', 'UASP_FILE_MANAGE', '文件管理(ok)', NULL, '/uasp/file-manage', NULL, 900, 'A', 'V', NULL);
INSERT INTO `uasp_module_define`  VALUES ('8EA7960D7E9049CE8642A4E4A5F5EFBF', NULL, 'UASP', 'C', NULL, '后台管理', '', '', NULL, 300, 'C', 'V', '');
INSERT INTO `uasp_module_define`  VALUES ('91E6D6513B774F19AE33C4D58D64DA4A', '304DCFA1C16C4D14B498785D1124F271', 'UASP', 'M', 'UASP_ONLINE_USER', '在线用户(无)', NULL, '/uasp/online-user', NULL, 100, 'A', 'V', NULL);
INSERT INTO `uasp_module_define`  VALUES ('92BD1B10B5E843F5974E9C1710CD119E', '5E00E4FD394D4692BFFD7606A31A9B54', 'UASP', 'M', 'UASP_FONT-AWESOME', 'FontAwesome(无)', NULL, NULL, NULL, 100, 'C', 'V', NULL);
INSERT INTO `uasp_module_define`  VALUES ('9333E996C0C94077BD3A389522E240CF', 'E37F97B4DE8748DBBA0806B2F1CA086F', 'UASP', 'M', 'UASP_MODULE', '模块管理(ok)', NULL, '/uasp/module', NULL, 200, 'A', 'V', NULL);
INSERT INTO `uasp_module_define`  VALUES ('93D100BCBD7741F0917DF7D79DA1449B', '12CD554C0DDF4FD59F2839A407FCC5D2', 'UASP', 'M', 'UAPS_ISSUE', '问题反馈(无)', NULL, '/uasp/issue', NULL, 300, 'A', 'V', NULL);
INSERT INTO `uasp_module_define`  VALUES ('9ADEA7C3C53A4C2187EA74CFE9C2A6BB', 'EDC562ABAB2C4AAC9703BD647990A167', 'UASP', 'M', 'UASP_MOCK_FORM', '模拟表单(ok)', NULL, '/uasp/mock-form', NULL, 500, 'A', 'V', NULL);
INSERT INTO `uasp_module_define`  VALUES ('9EEEDFF4919E4427945D288BE127C7D2', '7FC035AE17FB461F922D7181421DABAD', 'UASP', 'M', 'UASP_PROFILE', '我的资料', 'far fa-id-card', '/uasp/profile', NULL, 200, 'C', 'V', NULL);


INSERT INTO `uasp_module_action`  VALUES ('0C15CE498B374B4591120F0399C7051B', 'C', 'MENU', '菜单', 0);
INSERT INTO `uasp_module_action`  VALUES ('0C3997423DBB4DFBB37F408401F55BA1', 'C', 'MENU', '菜单', 0);
INSERT INTO `uasp_module_action`  VALUES ('127973E367B947BB942349F6357A0CBB', 'C', 'MENU', '菜单', 0);
INSERT INTO `uasp_module_action`  VALUES ('1BDF0B3364924DFA96E9CAAFF684F28E', 'C', 'MENU', '菜单', 0);
INSERT INTO `uasp_module_action`  VALUES ('38DFF768848543BCB5AF01EA651334CE', 'C', 'MENU', '菜单', 0);
INSERT INTO `uasp_module_action`  VALUES ('3CF42263ABE242B282E4B62D85355A13', 'C', 'MENU', '菜单', 0);
INSERT INTO `uasp_module_action`  VALUES ('410C5A17D0914E55A210DF731355560D', 'C', 'MENU', '菜单', 0);
INSERT INTO `uasp_module_action`  VALUES ('5D5A0465826F4AB08ABD38933C091276', 'C', 'MENU', '菜单', 0);
INSERT INTO `uasp_module_action`  VALUES ('62DB951E7E5A46429A3336BE33C320A4', 'C', 'MENU', '菜单', 0);
INSERT INTO `uasp_module_action`  VALUES ('6E99B0850D0E474DA47DE163698768BC', 'C', 'MENU', '菜单', 0);
INSERT INTO `uasp_module_action`  VALUES ('7A14F63BF3B64F38AC623186B6C2869C', 'C', 'MENU', '菜单', 0);
INSERT INTO `uasp_module_action`  VALUES ('7A7A125A5A934692AAF1F1956EB02694', 'C', 'MENU', '菜单', 0);
INSERT INTO `uasp_module_action`  VALUES ('7ADA168871EB4C4F84A332F8077704E3', 'C', 'MENU', '菜单', 0);
INSERT INTO `uasp_module_action`  VALUES ('80D44F8C3EEE46DD8E637910F3EE1A6E', 'C', 'MENU', '菜单', 0);
INSERT INTO `uasp_module_action`  VALUES ('8BBCC1F9081240979F340D1FE4AA81FF', 'C', 'MENU', '菜单', 0);
INSERT INTO `uasp_module_action`  VALUES ('91E6D6513B774F19AE33C4D58D64DA4A', 'C', 'MENU', '菜单', 0);
INSERT INTO `uasp_module_action`  VALUES ('92BD1B10B5E843F5974E9C1710CD119E', 'C', 'MENU', '菜单', 0);
INSERT INTO `uasp_module_action`  VALUES ('9333E996C0C94077BD3A389522E240CF', 'C', 'MENU', '菜单', 0);
INSERT INTO `uasp_module_action`  VALUES ('93D100BCBD7741F0917DF7D79DA1449B', 'C', 'MENU', '菜单', 0);
INSERT INTO `uasp_module_action`  VALUES ('9ADEA7C3C53A4C2187EA74CFE9C2A6BB', 'C', 'MENU', '菜单', 0);
INSERT INTO `uasp_module_action`  VALUES ('9EEEDFF4919E4427945D288BE127C7D2', 'C', 'MENU', '菜单', 0);
INSERT INTO `uasp_module_action`  VALUES ('A4DB5665C9064640834A0D477D38FEE0', 'C', 'MENU', '菜单', 0);
INSERT INTO `uasp_module_action`  VALUES ('A64DD16CF8F94CD48BC311F6F2EEA80B', 'C', 'MENU', '菜单', 0);
INSERT INTO `uasp_module_action`  VALUES ('A86CE4092D2E4BA08F9666A5F9F449E6', 'C', 'MENU', '菜单', 0);
INSERT INTO `uasp_module_action`  VALUES ('B2BE7345A258447A850DE3062EB04A8C', 'C', 'MENU', '菜单', 0);
INSERT INTO `uasp_module_action`  VALUES ('B91A2B1D232D4EEC89956DF45FD270E9', 'C', 'MENU', '菜单', 0);
INSERT INTO `uasp_module_action`  VALUES ('C723840C78424CDEBECA2E6596B47517', 'C', 'MENU', '菜单', 0);
INSERT INTO `uasp_module_action`  VALUES ('D046615418CC481695BF3EE392832524', 'C', 'MENU', '菜单', 0);
INSERT INTO `uasp_module_action`  VALUES ('D7FE4DFFEF0E48CCA6622327D92981ED', 'C', 'MENU', '菜单', 0);
INSERT INTO `uasp_module_action`  VALUES ('DB112395A720423092EA73CC15747E2B', 'C', 'MENU', '菜单', 0);
INSERT INTO `uasp_module_action`  VALUES ('E3E13BBA01514FB7AF4C47145BB445F5', 'C', 'MENU', '菜单', 0);
INSERT INTO `uasp_module_action`  VALUES ('E42EBD75199548D787BF80013914B95C', 'C', 'MENU', '菜单', 0);
INSERT INTO `uasp_module_action`  VALUES ('E4F65303A41540ED93E17AFF569912F4', 'C', 'MENU', '菜单', 0);
INSERT INTO `uasp_module_action`  VALUES ('E9A07B4377E54FE283C6EF23FD9D038B', 'C', 'MENU', '菜单', 0);
INSERT INTO `uasp_module_action`  VALUES ('EFBDEF5DC4CD4BAC914DE48909DE57E1', 'C', 'MENU', '菜单', 0);
INSERT INTO `uasp_module_action`  VALUES ('FF51D628EF624C37A5589E28848CAF4F', 'C', 'MENU', '菜单', 0);

INSERT INTO `uasp_dict_define`  VALUES ('444BB74A827948FFB94819D5F40B0304', NULL, NULL, 'UASP', NULL, '系统内置', NULL, 'C', NULL, 100, NULL, NULL);
INSERT INTO `uasp_dict_define`  VALUES ('4D479770482B4DE283C510FB164B9F83', 'FA4849AE88074706982E544A5B41EF03', NULL, 'UASP', 'UASP_NATION', '民族', 'B', 'I', 'L', 600, '[]', NULL);
INSERT INTO `uasp_dict_define`  VALUES ('94AAC6A47DAA41D293BE4A8E56C6EEE9', 'FA4849AE88074706982E544A5B41EF03', NULL, 'UASP', 'UASP_ORIGIN', '籍贯', 'B', 'I', 'L', 400, '[]', NULL);
INSERT INTO `uasp_dict_define`  VALUES ('A4E12E8F276A4E4AB1BD825C99AED27D', '444BB74A827948FFB94819D5F40B0304', NULL, 'UASP', 'UASP_FUNC_ACTION', '功能操作', 'D', 'I', 'L', 100, '[]', NULL);
INSERT INTO `uasp_dict_define`  VALUES ('C78605633DC44555827E160C5A49D1C4', 'FA4849AE88074706982E544A5B41EF03', NULL, 'UASP', 'UASP_MARITAL', '婚姻状况', 'B', 'I', 'L', 200, '[]', NULL);
INSERT INTO `uasp_dict_define`  VALUES ('D92C1C36B94B44F59D8F9D78A03D82D8', 'FA4849AE88074706982E544A5B41EF03', NULL, 'UASP', 'UASP_ORG_CATEGORY', '公司分类', 'B', 'I', 'L', 100, '[]', NULL);
INSERT INTO `uasp_dict_define`  VALUES ('F2F244EB65AE49BD8524B981EA8CC3E8', 'FA4849AE88074706982E544A5B41EF03', NULL, 'UASP', 'UASP_EDUCATION', '学历', 'B', 'I', 'L', 300, '[]', NULL);
INSERT INTO `uasp_dict_define`  VALUES ('FA4849AE88074706982E544A5B41EF03', NULL, NULL, 'UASP', NULL, '业务管理', NULL, 'C', NULL, 200, NULL, NULL);

INSERT INTO `uasp_dict_item`  VALUES ('5DBD2F09766B4EEDBF6C0467653CF2C9', 'A4E12E8F276A4E4AB1BD825C99AED27D', NULL, NULL, 'AUTH', '授权', 800, 'V', NULL, NULL, NULL, NULL, NULL);
INSERT INTO `uasp_dict_item`  VALUES ('21CB761BBE6C40108C1CFE9B5EB67330', 'A4E12E8F276A4E4AB1BD825C99AED27D', NULL, NULL, 'DELETE', '删除', 500, 'V', NULL, NULL, NULL, NULL, NULL);
INSERT INTO `uasp_dict_item`  VALUES ('6368E344D7A84D09B9B3A978E5BE816F', 'A4E12E8F276A4E4AB1BD825C99AED27D', NULL, NULL, 'MENU', '菜单', 100, 'V', NULL, NULL, NULL, NULL, NULL);
INSERT INTO `uasp_dict_item`  VALUES ('E7F51AE569124D9BADF6F1151EC03FE7', 'A4E12E8F276A4E4AB1BD825C99AED27D', NULL, NULL, 'ADD', '新增', 300, 'V', NULL, NULL, NULL, NULL, NULL);
INSERT INTO `uasp_dict_item`  VALUES ('BA386A707F4F45B0922C5A33269F2C4B', 'A4E12E8F276A4E4AB1BD825C99AED27D', NULL, NULL, 'QUERY', '查询', 200, 'V', NULL, NULL, NULL, NULL, NULL);
INSERT INTO `uasp_dict_item`  VALUES ('7048251BDAA441C4948E2FBF38687E6A', 'A4E12E8F276A4E4AB1BD825C99AED27D', NULL, NULL, 'EDIT', '修改', 400, 'V', NULL, NULL, NULL, NULL, NULL);
INSERT INTO `uasp_dict_item`  VALUES ('93749A6CAB1241FEA093A9D9750FE10B', 'A4E12E8F276A4E4AB1BD825C99AED27D', NULL, NULL, 'PRINT', '打印', 700, 'V', NULL, NULL, NULL, NULL, NULL);
INSERT INTO `uasp_dict_item`  VALUES ('B26387BBDB7E4373998B1DE3F66097CA', 'A4E12E8F276A4E4AB1BD825C99AED27D', NULL, NULL, 'EXCEPT', '导出', 600, 'V', NULL, NULL, NULL, NULL, NULL);

INSERT INTO `uasp_dict_item`  VALUES ('B10549CFBF874B9BBE8B012FE77E7E1E', 'F2F244EB65AE49BD8524B981EA8CC3E8', NULL, NULL, '7', '博士', 7, 'V', NULL, NULL, NULL, NULL, NULL);
INSERT INTO `uasp_dict_item`  VALUES ('A93DEAEFCAC644479F5E029F82BEDA69', 'F2F244EB65AE49BD8524B981EA8CC3E8', NULL, NULL, '6', '研究生', 6, 'V', NULL, NULL, NULL, NULL, NULL);
INSERT INTO `uasp_dict_item`  VALUES ('6CC4B644138B4F74BB32E68074DA7DA7', 'F2F244EB65AE49BD8524B981EA8CC3E8', NULL, NULL, '2', '中学', 2, 'V', NULL, NULL, NULL, NULL, NULL);
INSERT INTO `uasp_dict_item`  VALUES ('0320242E3D9F49B5AF967C3630AE92F8', 'F2F244EB65AE49BD8524B981EA8CC3E8', NULL, NULL, '5', '本科大学', 5, 'V', NULL, NULL, NULL, NULL, NULL);
INSERT INTO `uasp_dict_item`  VALUES ('6676602F8A474932B185921093053710', 'F2F244EB65AE49BD8524B981EA8CC3E8', NULL, NULL, '1', '小学', 0, 'V', NULL, NULL, NULL, NULL, NULL);
INSERT INTO `uasp_dict_item`  VALUES ('F15BA79D126041B49471C4F76CFFBC27', 'F2F244EB65AE49BD8524B981EA8CC3E8', NULL, NULL, '3', '高中/中专', 3, 'V', NULL, NULL, NULL, NULL, NULL);
INSERT INTO `uasp_dict_item`  VALUES ('FE0D121141FB4D6F9626209BE983CC21', 'F2F244EB65AE49BD8524B981EA8CC3E8', NULL, NULL, '4', '专科大学', 4, 'V', NULL, NULL, NULL, NULL, NULL);

INSERT INTO `uasp_dict_item`  VALUES ('705C60089F3A49BBA351519C0E6B7C3D', 'C78605633DC44555827E160C5A49D1C4', NULL, NULL, 'C', '离异/离婚', 3, 'V', NULL, NULL, NULL, NULL, NULL);
INSERT INTO `uasp_dict_item`  VALUES ('0A540A1FDEF1423298013086AA6D4227', 'C78605633DC44555827E160C5A49D1C4', NULL, NULL, 'A', '未婚', 0, 'V', NULL, NULL, NULL, NULL, NULL);
INSERT INTO `uasp_dict_item`  VALUES ('2FBC5785B0CA4C15919FEF64495D0859', 'C78605633DC44555827E160C5A49D1C4', NULL, NULL, 'D', '再婚', 4, 'V', NULL, NULL, NULL, NULL, NULL);
INSERT INTO `uasp_dict_item`  VALUES ('8001898FB31441AAAA2160CE193AF103', 'C78605633DC44555827E160C5A49D1C4', NULL, NULL, 'B', '已婚', 2, 'V', NULL, NULL, NULL, NULL, NULL);

INSERT INTO `uasp_form_define` VALUES ('E47C115802834A29B431A703889BA093', 'UASP', 'MOCK_FORM', '模拟表单', '未分类', 10, NULL, 'uasp_mock_form', NULL, 'B', 'V', NULL);

INSERT INTO `uasp_form_field` VALUES ('1639966917563387904', 'E47C115802834A29B431A703889BA093', 'mock_id_', 'id', '主键', 1, 'TEXT', 'M');
INSERT INTO `uasp_form_field` VALUES ('1639966917659856896', 'E47C115802834A29B431A703889BA093', 'status_', 'status', '状态', 2, 'TEXT', 'S');

SET FOREIGN_KEY_CHECKS = 1;
